Object ID,Department,Object Name,Title,Culture,Artist Nationality,Object Begin Date,Object End Date,Medium,Credit Line,Country
1674,American Decorative Arts,Side Chair,Side Chair,American,,1970-01-01 00:00:00.000001794,1970-01-01 00:00:00.000001799,"Mahogany, ebony, ash, birch, white pine","Friends of the American Wing Fund, 1962",United States
2430,American Decorative Arts,Pitcher,Covered Pitcher,American,,1970-01-01 00:00:00.000001700,1970-01-01 00:00:00.000001900,Earthenware,"Rogers Fund, 1913",United States
6406,American Decorative Arts,Plate,Plate,Dutch,,1970-01-01 00:00:00.000001740,1970-01-01 00:00:00.000001760,Earthenware,"Rogers Fund, 1933",Netherlands
7616,American Decorative Arts,Soup bowl,Soup Bowl,American,,1970-01-01 00:00:00.000001885,1970-01-01 00:00:00.000001885,Porcelain,"Gift of Mr. and Mrs. Franklin Chace, 1969",United States
15012,American Decorative Arts,"Painting, miniature",Portrait of a Lady,American,,1970-01-01 00:00:00.000001840,1970-01-01 00:00:00.000001840,Watercolor on ivory,"Fletcher Fund, 2006",
23510,Arms and Armor,Arrowhead (Yanonē),Arrowhead (Yanonē),Japanese,,1970-01-01 00:00:00.000001701,1970-01-01 00:00:00.000001800,Steel,"The Collection of Giovanni P. Morosini, presented by his daughter Giulia, 1932",
29920,Arms and Armor,Knife handle (Kozuka),Knife Handle (Kozuka),Japanese,,1970-01-01 00:00:00.000001770,1970-01-01 00:00:00.000001852,"Copper-gold alloy (shakudō), copper-silver alloy (shibuichi), gold","The Howard Mansfield Collection, Gift of Howard Mansfield, 1936",
32848,Arms and Armor,Coin (Thaler),Coin (Thaler) Showing August I (The Pious) of Saxony,German,,1970-01-01 00:00:00.000001580,1970-01-01 00:00:00.000001580,Silver,"Gift of Bashford Dean, 1923",
34014,Arms and Armor,Two drawings,Drawings Showing Combat on Foot (Champ Clos),German,,1970-01-01 00:00:00.000001501,1970-01-01 00:00:00.000001600,"Pen, ink and watercolor on paper","Bashford Dean Memorial Collection, Funds from various donors, 1929",
34308,Arms and Armor,Partisan,Partisan,German,,1970-01-01 00:00:00.000001701,1970-01-01 00:00:00.000001800,"Steel, wood, textile, metallic thread","Bashford Dean Memorial Collection, Gift of Edward S. Harkness, 1929",
34477,Arms and Armor,Sword guard (Tsuba),Sword Guard (Tsuba),Japanese,,1970-01-01 00:00:00.000001590,1970-01-01 00:00:00.000001900,"Iron, gold, silver, copper","H. O. Havemeyer Collection, Bequest of Mrs. H. O. Havemeyer, 1929",
35163,Arms and Armor,Dirk with sheath,Dirk with Sheath,possibly Spanish,,1970-01-01 00:00:00.000001800,1970-01-01 00:00:00.000001850,"Steel, horn, brass, leather, copper wire","Gift of Rutherfurd Stuyvesant, 1891",
39917,Asian Art,Hanging scroll mounted as handscroll,,China,Chinese,1970-01-01 00:00:00.000001037,1970-01-01 00:00:00.000001101,Hanging scroll mounted as a handscroll; ink on paper,"Bequest of John M. Crawford Jr., 1988",
53280,Asian Art,Bracelet,,Thailand,,1969-12-31 23:59:59.999999700,1970-01-01 00:00:00.000000400,Bronze,"Samuel Eilenberg Collection, Bequest of Samuel Eilenberg, 1998",
54547,Asian Art,Print,,Japan,Japanese,1970-01-01 00:00:00.000001800,1970-01-01 00:00:00.000001899,Polychrome woodblock print (surimono); ink and color on paper,"H. O. Havemeyer Collection, Bequest of Mrs. H. O. Havemeyer, 1929",
54626,Asian Art,Album leaf,,Japan,Japanese,1970-01-01 00:00:00.000001877,1970-01-01 00:00:00.000001897,Album leaf; ink and color on silk,"Charles Stewart Smith Collection, Gift of Mrs. Charles Stewart Smith, Charles Stewart Smith Jr., and Howard Caswell Smith, in memory of Charles Stewart Smith, 1914",
55442,Asian Art,Print,,Japan,Japanese,1970-01-01 00:00:00.000001838,1970-01-01 00:00:00.000001838,Polychrome woodblock print; ink and color on paper,"Rogers Fund, 1922",
58899,Asian Art,Inrō,,Japan,,1970-01-01 00:00:00.000001800,1970-01-01 00:00:00.000001899,"Lacquer, hirame ground, gold, red, silver and brown hiramakie, raden inlay; Interior: nashiji and fundame","The Howard Mansfield Collection, Purchase, Rogers Fund, 1936",
62174,Asian Art,Basket,,Japan,,1970-01-01 00:00:00.000001800,1970-01-01 00:00:00.000001899,Bamboo,"Edward C. Moore Collection, Bequest of Edward C. Moore, 1891",
67976,Asian Art,Piece,,Japan,,1970-01-01 00:00:00.000001800,1970-01-01 00:00:00.000001899,Silk / Brocaded,"Rogers Fund, 1909",
72803,Asian Art,Hanging scroll,近代  蟬竹圖      軸|Bamboo and Cicada,China,Chinese,1970-01-01 00:00:00.000001966,1970-01-01 00:00:00.000001966,Hanging scroll; ink and color on paper,"The Lin Yutang Family Collection, Gift of Richard M. Lai, Jill Lai Miller, and Larry C. Lai, in memory of Taiyi Lin Lai, 2005",
77166,Asian Art,Drawing,,"India (Guler, Punjab Hills)",,1970-01-01 00:00:00.000001790,1970-01-01 00:00:00.000001810,Ink on paper,"Gift of Cynthia Hazen Polsky, 2011",
80735,Costume Institute,Belt,Belt,Japanese,Japanese|Japanese,1970-01-01 00:00:00.000001983,1970-01-01 00:00:00.000001987,"leather, metal","Gift of Linda A. Rosenthal, 1993",
81291,Costume Institute,Pumps,Pumps,British,British,1970-01-01 00:00:00.000001980,1970-01-01 00:00:00.000001989,leather,"Gift of Holly Solomon, 1999",
81451,Costume Institute,Evening dress,Evening dress,American,American|American,1970-01-01 00:00:00.000001983,1970-01-01 00:00:00.000001984,rayon,"Gift of Calvin Klein, Inc., 1998",
83780,Costume Institute,Shoes,Shoes,Italian,Italian,1970-01-01 00:00:00.000001983,1970-01-01 00:00:00.000001989,synthetic,"Gift of Muriel Kallis Newman, 2002",
90373,Costume Institute,Earrings,Earrings,"European, Eastern",,1970-01-01 00:00:00.000001700,1970-01-01 00:00:00.000001899,metal,"Rogers Fund, 1909",
96100,Costume Institute,Evening dress,Evening dress,French,"French, born Italy",1970-01-01 00:00:00.000001966,1970-01-01 00:00:00.000001967,[no medium available],"Gift of Mrs. William Rand, 1975",
98251,Costume Institute,Cap,Cap,probably French,,1970-01-01 00:00:00.000001800,1970-01-01 00:00:00.000001899,wool,Museum Accession,
100359,Costume Institute,Hat,Hat,French,French|French,1970-01-01 00:00:00.000001949,1970-01-01 00:00:00.000001949,"wool, cotton","Gift of Mary S. Ryan, 1981",
100359,Costume Institute,Hat,Hat,French,French|French,1970-01-01 00:00:00.000001949,1970-01-01 00:00:00.000001949,"wool, cotton","Gift of Mary S. Ryan, 1981",
114490,Costume Institute,Mules,Mules,American,American,1970-01-01 00:00:00.000001959,1970-01-01 00:00:00.000001959,"leather, wood, metal glass","Gift of Beth and Herbert Levine, 1977",
119757,Costume Institute,Gloves,Gloves,probably French,,1970-01-01 00:00:00.000001950,1970-01-01 00:00:00.000001959,leather,"Gift of Mrs. Stowe C. Phelps, 1980",
127104,Costume Institute,Ensemble,Ensemble,Romanian,,1970-01-01 00:00:00.000001800,1970-01-01 00:00:00.000001939,"linen, wool","Gift of Miss Irene Lewisohn and Alice Lewisohn Crowley, 1939",
129839,Costume Institute,Ensemble,Ensemble,British,British|British,1970-01-01 00:00:00.000001976,1970-01-01 00:00:00.000001980,"a) leather; b) leather, metal","Purchase, Richard Martin Bequest and Friends of The Costume Institute Gifts, 2006",
145237,Costume Institute,Necklace,Necklace,American,,1970-01-01 00:00:00.000001967,1970-01-01 00:00:00.000001967,"synthetic, metal","Gift of Martin F. Price, 2017",
146150,Costume Institute,Jacket,Jacket,American,American,1970-01-01 00:00:00.000002003,1970-01-01 00:00:00.000002004,"leather, wool","Catharine Breyer Van Bomel Foundation Fund, 2008",
168579,Costume Institute,Chemisette,Chemisette,American,,1970-01-01 00:00:00.000001875,1970-01-01 00:00:00.000001899,Cotton,"Brooklyn Museum Costume Collection at The Metropolitan Museum of Art, Gift of the Brooklyn Museum, 2009; Gift of Louise M. Coleman, 1941",
168781,Costume Institute,Fan,Fan,European,,1970-01-01 00:00:00.000001776,1970-01-01 00:00:00.000001799,"Ivory, paper","Brooklyn Museum Costume Collection at The Metropolitan Museum of Art, Gift of the Brooklyn Museum, 2009; Gift of George Arents in memory of Annie Walter Arents, 1949",
169926,Costume Institute,Undersleeves,Undersleeves,American,,1970-01-01 00:00:00.000001848,1970-01-01 00:00:00.000001852,Linen,"Brooklyn Museum Costume Collection at The Metropolitan Museum of Art, Gift of the Brooklyn Museum, 2009; Gift of The Jason and Peggy Westerfield Collection, 1969",
170041,Costume Institute,Evening shoes,Evening shoes,American,American,1970-01-01 00:00:00.000001938,1970-01-01 00:00:00.000001943,"Leather, metallic","Brooklyn Museum Costume Collection at The Metropolitan Museum of Art, Gift of the Brooklyn Museum, 2009; Gift of Colonel and Mrs. Horace Figuers, 1973",
174460,Costume Institute,Ensemble,Ensemble,American,American,1970-01-01 00:00:00.000001950,1970-01-01 00:00:00.000001950,Wool,"Brooklyn Museum Costume Collection at The Metropolitan Museum of Art, Gift of the Brooklyn Museum, 2009; Gift of Mrs. Albert Ogden in memory of Sheldon Stewart, 1964",
187639,European Sculpture and Decorative Arts,Knife and fork with case,Knife and fork with case,possibly Greek,,1970-01-01 00:00:00.000001700,1970-01-01 00:00:00.000001750,"Steel, silver, niello; case:  leather, silver, niello","Gift of R. Stuyvesant, 1893",
190199,European Sculpture and Decorative Arts,Swags,Set of five swags,French,,1970-01-01 00:00:00.000001700,1970-01-01 00:00:00.000001799,Gilt bronze,"Gift of J. Pierpont Morgan, 1906",
194582,European Sculpture and Decorative Arts,Jug with cover,Jug with cover,"German, Silesia (Bunzlau)",,1970-01-01 00:00:00.000001755,1970-01-01 00:00:00.000001765,Stoneware,"Gift of Mrs. Robert W. de Forest, 1920",
198408,European Sculpture and Decorative Arts,Plaque,Marriage of Peleus and Thetis,"Italian, Venice",Italian,1970-01-01 00:00:00.000001570,1970-01-01 00:00:00.000001580,Bronze,"Samuel D. Lee Fund, 1939",
200381,European Sculpture and Decorative Arts,Snuffbox,Snuffbox,"German, Hanau",,1970-01-01 00:00:00.000001770,1970-01-01 00:00:00.000001780,Gold,"Bequest of Catherine D. Wentworth, 1948",
201480,European Sculpture and Decorative Arts,Chess set,Chess set,probably German,,1970-01-01 00:00:00.000001800,1970-01-01 00:00:00.000001899,Metal,"Gift of Gustavus A. Pfeiffer, 1953",
203525,European Sculpture and Decorative Arts,Toy,Partridges in wheatsheaf,"British, Chelsea",,1970-01-01 00:00:00.000001750,1970-01-01 00:00:00.000001760,Soft-paste porcelain,"Gift of Irwin Untermyer, 1964",
211642,European Sculpture and Decorative Arts,Souvenir spoon,Souvenir spoon,European,,1970-01-01 00:00:00.000001885,1970-01-01 00:00:00.000001899,Gilt and enamel,"Gift of Sir William H. Redding, in memory of his wife, 1907",
218086,European Sculpture and Decorative Arts,Border,Border,"Italian, Venice",,1970-01-01 00:00:00.000001600,1970-01-01 00:00:00.000001699,Needle lace,"Purchase by subscription, 1909",
218343,European Sculpture and Decorative Arts,Fragment,Fragment,Spanish,,1970-01-01 00:00:00.000001800,1970-01-01 00:00:00.000001815,Machine net,"Purchase by subscription, 1909",
226057,European Sculpture and Decorative Arts,Borders,Borders,French,,1970-01-01 00:00:00.000001700,1970-01-01 00:00:00.000001815,Needle lace,"Gift of Ann Payne Blumenthal, 1936",
229526,European Sculpture and Decorative Arts,Panel,Panel,French,,1970-01-01 00:00:00.000001775,1970-01-01 00:00:00.000001780,Silk,"Gift of Mrs. Janet S. Kaffenburgh in memory of her grandmother Mrs. Joseph Garson of Rochester, N.Y., 1976",
236638,European Sculpture and Decorative Arts,Plaque,Head described as that of Saint James the Elder,German,,1970-01-01 00:00:00.000001800,1970-01-01 00:00:00.000001899,Iron,"Gift of Martin and Roberta Lerner, 2009",
241148,Greek and Roman Art,Statuette of a seated goddess,Terracotta statuette of a seated goddess,Cypriot,,1969-12-31 23:59:59.999999675,1969-12-31 23:59:59.999999725,Terracotta,"The Cesnola Collection, Purchased by subscription, 1874–76",
244271,Greek and Roman Art,Axehead,Axehead,Cypriot,,1969-12-31 23:59:59.999996800,1969-12-31 23:59:59.999998000,Bronze,"The Cesnola Collection, Purchased by subscription, 1874–76",
246324,Greek and Roman Art,"Fibula, boat-shaped type","Fibula, boat-shaped type",Italic,,1969-12-31 23:59:59.999999200,1969-12-31 23:59:59.999999499,Bronze,"Purchase, 1896",
250722,Greek and Roman Art,"Statuette of a woman, seated",Terracotta statuette of a seated woman,"Greek, Attic",,1969-12-31 23:59:59.999999476,1969-12-31 23:59:59.999999525,Terracotta,"Gift of Henry S. Washington, 1919",
252173,Greek and Roman Art,Seal,Jasper amygdaloid seal,Minoan,,1969-12-31 23:59:59.999998400,1969-12-31 23:59:59.999998550,Jasper,"Bequest of Richard B. Seager, 1926",
252221,Greek and Roman Art,Seal,Seal,"Minoan, Crete",,1969-12-31 23:59:59.999998000,1969-12-31 23:59:59.999998550,Haemaetite,"Bequest of Richard B. Seager, 1926",
262991,Photographs,Photograph,[Detail of Vanitas Figures Carved on the Choir Stalls at Amiens Cathedral],,,1970-01-01 00:00:00.000001860,1970-01-01 00:00:00.000001869,Albumen silver print from glass negative,"Gift of Lucien Goldschmidt, 1981",
263514,Photographs,Photograph,Robert Motherwell,,American,1970-01-01 00:00:00.000001981,1970-01-01 00:00:00.000001981,Gelatin silver print,"Gift of the artist, 1983",
265758,Photographs,Photograph,[Graffiti on Backstage Door of the School of American Ballet],,American,1970-01-01 00:00:00.000001945,1970-01-01 00:00:00.000001945,Gelatin silver print,"Gift of Paul F. Walter, in memory of Christopher Hemphill, 1987",
266167,Photographs,Photograph,[Study of Australian Grapes],,,1970-01-01 00:00:00.000001858,1970-01-01 00:00:00.000001862,Albumen silver print from glass negative,"Purchase, The Horace W. Goldsmith Foundation Gift, through Joyce and Robert Menschel, 1989",
269735,Photographs,Photograph,Sous bois,,Belgian,1970-01-01 00:00:00.000001922,1970-01-01 00:00:00.000001922,Bromoil print,"Gift of Clarence McK. Lewis, 1954",
271904,Photographs,Glass positive,Margaret Eakins,,American,1970-01-01 00:00:00.000001880,1970-01-01 00:00:00.000001889,Glass positive,"Gift of Charles Bregler, 1947",
273592,Photographs,Negative,[Peggy Bacon],,American,1970-01-01 00:00:00.000001934,1970-01-01 00:00:00.000001934,Film negative,"Walker Evans Archive, 1994",
276937,Photographs,Negative,"[Two 35mm Film Frames: Boys Playing on Stoop Near Elevated Train Tracks, New York City]",,American,1970-01-01 00:00:00.000001933,1970-01-01 00:00:00.000001934,Film negative,"Walker Evans Archive, 1994",
286197,Photographs,Photograph,"Rouen, Place Eau-de-Robec",,French,1970-01-01 00:00:00.000001908,1970-01-01 00:00:00.000001908,Matte albumen silver print from glass negative,"Gilman Collection, Purchase, Sam Salz Foundation Gift, 2005",
311479,"Arts of Africa, Oceania, and the Americas",Horn,Horn,Asmat people,,1970-01-01 00:00:00.000001900,1970-01-01 00:00:00.000002000,Bamboo,"The Michael C. Rockefeller Memorial Collection; Gift of Nelson A. Rockefeller and Mrs. Mary C. Rockefeller, 1965",Indonesia
312687,"Arts of Africa, Oceania, and the Americas",Snake figure,Coiled Serpent,Aztec,,1970-01-01 00:00:00.000001400,1970-01-01 00:00:00.000001600,"Stone, pigment","The Michael C. Rockefeller Memorial Collection, Bequest of Nelson A. Rockefeller, 1979",Mexico
313019,"Arts of Africa, Oceania, and the Americas",Pendant,Figure Pendant,Atlantic Watershed,,1970-01-01 00:00:00.000000300,1970-01-01 00:00:00.000000800,Jadeite,"The Michael C. Rockefeller Memorial Collection, Bequest of Nelson A. Rockefeller, 1979",Costa Rica
316760,"Arts of Africa, Oceania, and the Americas",Painting,Painting,Abelam people,,1970-01-01 00:00:00.000001900,1970-01-01 00:00:00.000002000,"Paper, paint","Gift of Lita Osmundsen, 1992",Papua New Guinea
316760,"Arts of Africa, Oceania, and the Americas",Painting,Painting,Abelam people,,1970-01-01 00:00:00.000001900,1970-01-01 00:00:00.000002000,"Paper, paint","Gift of Lita Osmundsen, 1992",Papua New Guinea
317005,,Cloth,Carrying Cloth,Quechua,,1970-01-01 00:00:00.000001900,1970-01-01 00:00:00.000002000,Camelid hair,"Bequest of Arthur M. Bullowa, 1993",Peru
317135,"Arts of Africa, Oceania, and the Americas",Ritual stone,Stone Pulidor,Mexican,,1970-01-01 00:00:00.000001200,1970-01-01 00:00:00.000001600,Stone,"Bequest of Arthur M. Bullowa, 1993",Mexico
319532,"Arts of Africa, Oceania, and the Americas",Costume element,Ceremonial Costume Element,Timor,,1970-01-01 00:00:00.000001850,1970-01-01 00:00:00.000001950,"Cotton, glass beads","Bequest of John B. Elliott, 1997",Indonesia
323644,Ancient Near Eastern Art,Sherd,Sherd,Iran,,1969-12-31 23:59:59.999996495,1969-12-31 23:59:59.999996900,"Ceramic, paint","Rogers Fund, 1938",
325714,Ancient Near Eastern Art,Sculpture,Bird standard,,,1969-12-31 23:59:59.999997500,1969-12-31 23:59:59.999997500,Copper alloy,"Purchase, Schimmel Foundation Inc. Gift, 1965",
327150,Ancient Near Eastern Art,Bead,Bead,,,1969-12-31 23:59:59.999993000,1969-12-31 23:59:59.999995000,Calcite,"Gift of Sheldon and Barbara Breitbart, 1985",
339097,Drawings and Prints,Print; Poster,New York Ledger: Bicycle Number,,American,1970-01-01 00:00:00.000001895,1970-01-01 00:00:00.000001895,Lithograph,"Gift of Bessie Potter Vonnoh, 1941",
339407,Drawings and Prints,Drawing,Figure Studies,,Italian,1970-01-01 00:00:00.000001696,1970-01-01 00:00:00.000001770,"Pen and brown ink, over black chalk, on beige paper","Rogers Fund, 1964",
341146,Drawings and Prints,Print,Reciprocated Love,,Italian,1970-01-01 00:00:00.000001584,1970-01-01 00:00:00.000001600,Engraving,"Harris Brisbane Dick Fund, 1927",
341485,Drawings and Prints,Print,"Rest on the flight into Egypt, Mary holding and looking at the infant Christ while St. Joseph reads",,Italian,1970-01-01 00:00:00.000001632,1970-01-01 00:00:00.000001642,Etching,"Harris Brisbane Dick Fund, 1926",
345964,Drawings and Prints,Book,Meubles Modernes,,French|French|French|French|French|French,1970-01-01 00:00:00.000001875,1970-01-01 00:00:00.000001890,Chromolithography,"A. Hyatt Mayor Purchase Fund, Marjorie Phelps Starr Bequest, 1987",
346186,Drawings and Prints,Book,Blossoms of Childhood,,American|American|American,1970-01-01 00:00:00.000001840,1970-01-01 00:00:00.000001840,Illustrations: wood engraving,"Anonymous Gift, 1941",
347789,Drawings and Prints,Book,"The Comical History of Lord Flutter, Lord Spindle and Sir Harry Hopscotch; or, the Bee, the Wasp, and the Ant",,British,1970-01-01 00:00:00.000001800,1970-01-01 00:00:00.000001900,"Wood engraving, hand colored","Gift of Lincoln Kirstein, 1964",
350011,Drawings and Prints,Book,"Seamless Plain Solid Gold Rings, Engraved Rings, Diamond Rings, Mountings, Ladies' Stone Rings, Chains, Diamond Cutters",,American,1970-01-01 00:00:00.000001902,1970-01-01 00:00:00.000001902,Illustrations: photomechanical process,"The Elisha Whittelsey Collection, The Elisha Whittelsey Fund, 1960",
350542,Drawings and Prints,Book,"Performing Tea Ceremony, The Miyako Odori for 1935, and eight stage sets",,Japanese,1970-01-01 00:00:00.000001930,1970-01-01 00:00:00.000001940,Illustrations: photographic method and color prints,"Gift of Lincoln Kirstein, 1986",
353752,Drawings and Prints,Book,Plates in Missel de Notre-Dame de France,,French|French?|French,1970-01-01 00:00:00.000001899,1970-01-01 00:00:00.000001899,,"The Elisha Whittelsey Collection, The Elisha Whittelsey Fund, 1963",
355115,Drawings and Prints,Book,"Exposition Lorraine. L'École de Nancy au Musée de l'Union Centrale des Arts Décoratifs. Pavillon de Marsan, A Paris. Ier Série: Le Moblier",,French|French,1970-01-01 00:00:00.000001900,1970-01-01 00:00:00.000001910,Heliotype print,"The Elisha Whittelsey Collection, The Elisha Whittelsey Fund, 1962",
357808,Drawings and Prints,Book,Enoch Arden,,British|British|British|British|British|British|British,1970-01-01 00:00:00.000001866,1970-01-01 00:00:00.000001866,Illustrations: wood engraving,"The Elisha Whittelsey Collection, The Elisha Whittelsey Fund, 1966",
360463,Drawings and Prints,Drawing,"St. Peter's, exterior, tabernacle, elevation and section at base with details of pedestal and railing, (recto)St. Peter's, exterior, tabernacle, elevation and section at arched opening (verso)",,French,1970-01-01 00:00:00.000001500,1970-01-01 00:00:00.000001560,"Dark brown ink, black chalk, and incised lines","Gift of Janos Scholz and Anne Bigelow Scholz, in memory of Flying Officer Walter Bigelow Rosen, RCAF, 1949",
363070,Drawings and Prints,Print,"View of the Basilica of San Sebastiano fuori delle mura [St. Sebastian outside the Walls] on the Appian Way, from Vedute di Roma (Roman Views)",,Italian,1970-01-01 00:00:00.000001745,1970-01-01 00:00:00.000001755,Etching; first state of four (Hind),"Gift of Mrs. David Keppel, 1960",
363754,Drawings and Prints,Drawing,Design for Pointed Utensil with an Egyptian Style Figure on the Handle,,Italian,1970-01-01 00:00:00.000001548,1970-01-01 00:00:00.000001612,"Pen and brown ink, brush and brown wash, over black chalk.","Mrs. Regina Slatkin, 1963",
365646,Drawings and Prints,Drawing,Saint Paul,,Italian,1970-01-01 00:00:00.000001591,1970-01-01 00:00:00.000001666,"Pen and brown ink, brush and brown ink, over lead point or graphite.","Gift of Cornelius Vanderbilt, 1880",
367617,Drawings and Prints,Drawing Ornament & Architecture,Francis W. Little House: Furniture Plan,,American,1970-01-01 00:00:00.000001908,1970-01-01 00:00:00.000001914,Graphite and orange and brown pencil,"Purchase, Emily Crane Chadborne Bequest, 1972",
371229,Drawings and Prints,Print,"Theodoric IV from the series Counts and Countesses of Holland, Zeeland, and West-Frisia",,Dutch|Dutch|Dutch,1970-01-01 00:00:00.000001650,1970-01-01 00:00:00.000001650,Engraving and etching; second state of three,"Gift of Mrs. Hugo Elliot, 1941",
377953,Drawings and Prints,Book,L'Art de bâtir des maisons de Campagne,,French|French|French|French|French,1970-01-01 00:00:00.000001743,1970-01-01 00:00:00.000001743,Printed book with engraved illustrations,"Rogers Fund, 1952",
378914,Drawings and Prints,Drawing,"Design for Pony Phaeton, no. 3162",,American,1970-01-01 00:00:00.000001875,1970-01-01 00:00:00.000001875,"Pen and black ink, watercolor and gouache","Gift of William Brewster, 1923",
386510,Drawings and Prints,Drawing ; Ornament and architecture,"Ceiling Design, Half of a Circle",,British,1970-01-01 00:00:00.000001800,1970-01-01 00:00:00.000001899,Watercolor with gold,"Gift of the Royal Institute of British Architects, 1961",
391909,Drawings and Prints,Print,Canal with an Angler and Two Swans,,Dutch,1970-01-01 00:00:00.000001643,1970-01-01 00:00:00.000001653,Etching and drypoint; second of two states,"H. O. Havemeyer Collection, Bequest of Mrs. H. O. Havemeyer, 1929",
396269,Drawings and Prints,Print,GERYON,,American,1970-01-01 00:00:00.000001957,1970-01-01 00:00:00.000001957,"Etching, aquatint and drypoint; states 1-8","John B. Turner Fund, 2011",
397577,Drawings and Prints,Print,"Syzygy or the Conjunction of the Macrocosmic Unity with the Microcosmic Triunity from Heinrich Khunrath, Amphiteatrum sapientiae aeternae",,Netherlandish|German,1970-01-01 00:00:00.000001535,1970-01-01 00:00:00.000001611,Engraving from a circular plate,"Purchase, C. G. Boerner Gift, 2011",
399078,Drawings and Prints,Print,Horse Group #17,,American,1970-01-01 00:00:00.000001935,1970-01-01 00:00:00.000001943,Lithograph,"Gift of the Work Projects Administration, Allocation Unit, Chicago, 1943",
399085,Drawings and Prints,Print,Whither Mankind,,American,1970-01-01 00:00:00.000001935,1970-01-01 00:00:00.000001943,Silkscreen,"Gift of the Work Projects Administration, Allocation Unit, Chicago, 1943",
399877,Drawings and Prints,Print,"The dream of St Joseph, who is sleeping at the right, the Virgin and Child by a cross surrounded by angels and many putti and with God the Father above",,Italian|Italian,1970-01-01 00:00:00.000001600,1970-01-01 00:00:00.000001650,Etching,"The Elisha Whittelsey Collection, The Elisha Whittelsey Fund, 1951",
400013,Drawings and Prints,Baseball card,"Sullivan, Left Field, Chicago, from the Gold Coin series (N284) for Gold Coin Chewing Tobacco",,,1970-01-01 00:00:00.000001887,1970-01-01 00:00:00.000001887,Commercial color lithography reproducing drawings,"The Jefferson R. Burdick Collection, Gift of Jefferson R. Burdick",
400018,Drawings and Prints,Print,Section and elevation of the Colosseum in Rome,,Italian|Italian,1970-01-01 00:00:00.000001581,1970-01-01 00:00:00.000001581,Etching,"Bequest of Phyllis Massar, 2011",
404850,Drawings and Prints,Print,"Chairing the Members, Plate IV: Four Prints of an Election",,French|British,1970-01-01 00:00:00.000001758,1970-01-01 00:00:00.000001758,Etching and engraving; third state of three,"Gift of Sarah Lazarus, 1891",
410156,Drawings and Prints,Print,"George Bubear, Oarsman, from World's Champions, Series 1 (N28) for Allen & Ginter Cigarettes",,American|American,1970-01-01 00:00:00.000001887,1970-01-01 00:00:00.000001887,Commercial color lithograph,"The Jefferson R. Burdick Collection, Gift of Jefferson R. Burdick",
410683,Drawings and Prints,Baseball card,"Louis Chiozza; verso: Diamond Stars, No. 80 (1934 Averages)",,,1970-01-01 00:00:00.000001935,1970-01-01 00:00:00.000001935,Commercial color lithograph,"The Jefferson R. Burdick Collection, Gift of Jefferson R. Burdick",
415848,Drawings and Prints,Print,"Prise de la Ville de Bone (Capture of the City of Bonne), from La Vie de Ferdinand Ier de Médicis série appelée aussi Les Batailles des Médicis (The Life of Ferdinand I de'Medici also called The Medici Battles)",,French|Italian,1970-01-01 00:00:00.000001614,1970-01-01 00:00:00.000001620,Engraving; first state of two (Lieure),"The Elisha Whittelsey Collection, The Elisha Whittelsey Fund, 1951",
417951,Drawings and Prints,Print,The Impossibility,,German,1970-01-01 00:00:00.000001548,1970-01-01 00:00:00.000001548,Engraving,"Gift of Harry G. Friedman, 1959",
419823,Drawings and Prints,Print,"S. Antioche, médecin (St. Antiochus, Doctor), July 15th, from Les Images De Tous Les Saincts et Saintes de L'Année (Images of All of the Saints and Religious Events of the Year)",,French|French,1970-01-01 00:00:00.000001636,1970-01-01 00:00:00.000001636,Etching; second state of two (Lieure),"Purchase, Joseph Pulitzer Bequest, 1917",
428594,Drawings and Prints,Print,Sea-Bass Fisherman,,American,1970-01-01 00:00:00.000001900,1970-01-01 00:00:00.000001931,Etching,"Robert B. Dodson Fund, 1931",
428786,Drawings and Prints,Print,Reverse Copy of Madame Bouthillier (Marie de Bragelogne),,French,1970-01-01 00:00:00.000001810,1970-01-01 00:00:00.000001820,Engraving,"Gift of Georgiana W. Sargent, in memory of John Osborne Sargent, 1924",
430474,Drawings and Prints,Print,"Reconnoitering, from the Boy Scouts series (E42) for the Fisher Candy Co.",,American,1970-01-01 00:00:00.000001910,1970-01-01 00:00:00.000001910,Commercial color lithograph,"The Jefferson R. Burdick Collection, Gift of Jefferson R. Burdick",
431102,Drawings and Prints,Print,Vues de St. Petersbourg,,French,1970-01-01 00:00:00.000001840,1970-01-01 00:00:00.000001840,"Lithography, hand-colored","Gift of Robert D. Brewster, 1951",
433636,Drawings and Prints,"Baseball card, print","Fitzgerald, Sacramento, Pacific Coast League, from the ""Obak Baseball Players"" set (T212), issued by the American Tobacco Company to promote Obak Mouthpiece Cigarettes",,,1970-01-01 00:00:00.000001910,1970-01-01 00:00:00.000001910,Commercial color lithograph,"The Jefferson R. Burdick Collection, Gift of Jefferson R. Burdick",
434286,Drawings and Prints,"Baseball card, print","Spencer, Catcher, Boston, American League, from the Baseball Players (Ramlys) series (T204) issued by the Mentor Company to promote Ramly and T.T.T. Turkish Cigarettes",,,1970-01-01 00:00:00.000001909,1970-01-01 00:00:00.000001909,Photolithograph,"The Jefferson R. Burdick Collection, Gift of Jefferson R. Burdick",
446304,Islamic Art,Fragment,Fragment of a Bowl,,,1970-01-01 00:00:00.000001300,1970-01-01 00:00:00.000001499,Earthenware; incised decoration through a white slip and coloring under a transparent glaze.,"Rogers Fund, 1913",Egypt
447944,Islamic Art,Fragment,Fragment,,,1970-01-01 00:00:00.000001700,1970-01-01 00:00:00.000001799,Cotton; painted,"Rogers Fund, 1926",India
449151,Islamic Art,Dado panel,Dado Panel,,,1970-01-01 00:00:00.000001900,1970-01-01 00:00:00.000001999,Plaster; cast,"Rogers Fund, 1937",Iran
452672,Islamic Art,Folio from an illustrated manuscript,"""Yusuf and Zulaikha"", Folio 51r from a Bustan of Sa`di",,,1970-01-01 00:00:00.000001500,1970-01-01 00:00:00.000001560,"Ink, opaque watercolor, and gold on paper","Purchase, Louis V. Bell Fund and The Vincent Astor Foundation Gift, 1974",present-day Uzbekistan
459471,Robert Lehman Collection,Drawing,Head of a Man in Profile,,Italian,1970-01-01 00:00:00.000001490,1970-01-01 00:00:00.000001499,"Black chalk, pen and brown ink, heightened with white.","Robert Lehman Collection, 1975",
466522,Medieval Art,Fragment,Glass Fragment,French,,1970-01-01 00:00:00.000001200,1970-01-01 00:00:00.000001299,Colorless glass,"Gift of Dr. Bashford Dean, 1923",France
468605,Medieval Art,Hilt,Eagle-Headed Hilt,Byzantine,,1970-01-01 00:00:00.000000300,1970-01-01 00:00:00.000000400,Copper alloy,"Gift of Lawrence J. Majewski, 1963",
469993,The Cloisters,Panel,Grisaille Panel,French,,1970-01-01 00:00:00.000001250,1970-01-01 00:00:00.000001270,White and pot-metal glass with vitreous paint,"The Cloisters Collection, 1982",France
470842,The Cloisters,Capital,Capital,Catalan,,1970-01-01 00:00:00.000001100,1970-01-01 00:00:00.000001150,Marble,"The Cloisters Collection, 1925",present-day France
471090,The Cloisters,Roundel,Roundel with Saint John the Baptist,South Netherlandish,,1970-01-01 00:00:00.000001510,1970-01-01 00:00:00.000001520,"Colorless glass, silver stain, vitreous paint","The Cloisters Collection, 1932",
482952,Modern and Contemporary Art,Drawing,Untitled,,"American, born Russia",1970-01-01 00:00:00.000001940,1970-01-01 00:00:00.000001940,Graphite on paper,"Gift of Mr. and Mrs. Meyer Schapiro, 1983",
485091,Modern and Contemporary Art,Glass,Glass,,Finnish|Finnish,1970-01-01 00:00:00.000001950,1970-01-01 00:00:00.000001959,Glass,"Purchase, Theodore R. Gamble Jr. Gift, in honor of his mother, Mrs. Theodore Robert Gamble, 1988",
486390,Modern and Contemporary Art,Design,"Design for a Washstand for the Blue Bedroom, Hous'hill",,"British, Scottish",1970-01-01 00:00:00.000001904,1970-01-01 00:00:00.000001904,Watercolor and graphite on paper,"Purchase, Lila Acheson Wallace Gift, 1994",
486599,Modern and Contemporary Art,Bowl,"""Tard la Nuit"" Bowl",,Italian,1970-01-01 00:00:00.000001989,1970-01-01 00:00:00.000001989,Glass,"Gift of Peter T. Joseph, 1995",
486599,Modern and Contemporary Art,Bowl,"""Tard la Nuit"" Bowl",,Italian,1970-01-01 00:00:00.000001989,1970-01-01 00:00:00.000001989,Glass,"Gift of Peter T. Joseph, 1995",
488438,Modern and Contemporary Art,Drawing,Alvin Langdon Coburn,,Mexican,1970-01-01 00:00:00.000001910,1970-01-01 00:00:00.000001910,"Ink, watercolor, metallic paint, and graphite on paper","Alfred Stieglitz Collection, 1949",
544812,Egyptian Art,"Figurine, female, fragmentary",Upper Half of a Female Figurine,,,1969-12-31 23:59:59.999998019,1969-12-31 23:59:59.999998019,Pottery,"Gift of Albert M. Lythgoe, 1917",Egypt
545193,Egyptian Art,"Ostracon, hieratic",Hieratic ostracon,,,1969-12-31 23:59:59.999998705,1969-12-31 23:59:59.999998705,"Limestone, ink, paint","Gift of Theodore M. Davis, 1909",Egypt
547202,Egyptian Art,"Figurine, seated woman",Figurine of a Seated Woman,,,1969-12-31 23:59:59.999996550,1969-12-31 23:59:59.999996700,"Limestone, organic material, paint, malachite","Rogers Fund, 1907",Egypt
547248,Egyptian Art,"Beaker, white cross-lined ware",White cross-lined ware beaker decorated with zigzags,,,1969-12-31 23:59:59.999996100,1969-12-31 23:59:59.999996350,"Pottery, paint","Rogers Fund, 1907",Egypt
549075,Egyptian Art,Club,Club,,,1969-12-31 23:59:59.999998527,1969-12-31 23:59:59.999998542,Wood,"Rogers Fund, 1936",Egypt
556721,Egyptian Art,"Basket, coil, lid",Cylindrical Coil Basket with Lid,,,1969-12-31 23:59:59.999997876,1969-12-31 23:59:59.999997876,Grasses,"Rogers Fund, 1931",Egypt
563318,Egyptian Art,Jar Label,Jar label fragments,,,1969-12-31 23:59:59.999998610,1969-12-31 23:59:59.999998610,"Pottery and ink, paint","Rogers Fund, 1917",Egypt
563318,Egyptian Art,Jar Label,Jar label fragments,,,1969-12-31 23:59:59.999998610,1969-12-31 23:59:59.999998610,"Pottery and ink, paint","Rogers Fund, 1917",Egypt
563892,Egyptian Art,"Jar Label, meat",Jar Label,,,1969-12-31 23:59:59.999998610,1969-12-31 23:59:59.999998610,"Pottery and ink, paint","Rogers Fund, 1917",Egypt
564519,Egyptian Art,Relief fragment,Relief fragment,,,1969-12-31 23:59:59.999998019,1969-12-31 23:59:59.999998360,Granite,"Rogers Fund, 1933",Egypt
565027,Egyptian Art,"Linen, from Wah's Mummy","Linen, from Wah's Mummy",,,1969-12-31 23:59:59.999998019,1969-12-31 23:59:59.999998025,Linen,"Rogers Fund and Edward S. Harkness Gift, 1920",Egypt
623826,Drawings and Prints,Print,Discover Dry Dock Country: Madison Avenue between 63rd and 65th,,American,1970-01-01 00:00:00.000001972,1970-01-01 00:00:00.000001972,Commercial printing in color,"Gift of Dry Dock Savings Bank, 1973",
625312,Drawings and Prints,Print,"St. Agatha, from 'Di Tutti gli Affresco del Correggio e di Quattro del Parmigianino'",,Italian|Italian|Italian|Italian|Italian,1970-01-01 00:00:00.000001841,1970-01-01 00:00:00.000001851,Engraving,"Gift of Lucy Chauncey, in memory of her father, Henry Chauncey, 1935",
632372,Drawings and Prints,Photograph,"Walter Switzer, Cornell Quarterback shown being grounded by three Columbia Players, from the ""Baseball and Football"" set (R311), issued by the National Chicle Company to promote Diamond Stars Gum",,,1970-01-01 00:00:00.000001936,1970-01-01 00:00:00.000001936,Albumen print (glossy finish),"The Jefferson R. Burdick Collection, Gift of Jefferson R. Burdick",
634357,Drawings and Prints,Print,"The Virgin and Child with St. John the Baptist, St. Francis, and St. Catherine of Siena",,Italian|Italian|German,1970-01-01 00:00:00.000001585,1970-01-01 00:00:00.000001585,Chiaroscuro woodcut from four blocks printed in orange,"Rogers Fund, 1922",
634643,Drawings and Prints,"Print, baseball card","Card Number 28, Harry ""The Cat"" Brecheen, Pitcher, St. Louis Cardinals, from the Topps Red/ Blue Backs series (R414-5) issued by Topps Chewing Gum Company",,American,1970-01-01 00:00:00.000001951,1970-01-01 00:00:00.000001951,Commercial color lithograph,"The Jefferson R. Burdick Collection, Gift of Jefferson R. Burdick",
638012,Drawings and Prints,Print,"Card No. 145, U.S. Luscombe ""Silvaire,"" from the Aviation Gum series (V356), issued by World Wide Gum Company, Ltd.",,Canadian,1970-01-01 00:00:00.000001940,1970-01-01 00:00:00.000001940,Photolithograph,"The Jefferson R. Burdick Collection, Gift of Jefferson R. Burdick",
638616,Photographs,Photograph,Officer Gordon F. Wilson Shows Mug Pictures to a Woman,,American,1970-01-01 00:00:00.000001970,1970-01-01 00:00:00.000001970,Gelatin silver print,"Anonymous Gift, 2014",
642712,Drawings and Prints,"Baseball card, print","Card Number 22, Jim Greengrass, Outfield, Cincinnati Redlegs, from ""1954 Topps Regular Issue"" series (R414-8), issued by Topps Chewing Gum Company.",,American,1970-01-01 00:00:00.000001954,1970-01-01 00:00:00.000001954,Commercial color lithograph,"The Jefferson R. Burdick Collection, Gift of Jefferson R. Burdick",
646748,Drawings and Prints,Print,"Mary, Queen of Scots at the execution block (from The History of England)",,"Scottish|British|British, Scottish|British|British",1970-01-01 00:00:00.000001795,1970-01-01 00:00:00.000001795,Etching and engraving,"Gift of Susan Dwight Bliss, 1958",
650909,Drawings and Prints,Print,Happy Easter (Frohe Ostern),,Austrian,1970-01-01 00:00:00.000001912,1970-01-01 00:00:00.000001912,Color lithograph,"Museum Accession, transferred from the Library",
651579,Drawings and Prints,Print,"Portrait, bust-length, with bow",,"American, born Russia",1970-01-01 00:00:00.000001900,1970-01-01 00:00:00.000001900,Drypoint,"Gift of Mr. and Mrs. Meyer Schapiro, 1983",
651818,Photographs,Photograph,"Stripper with bare breasts sitting in her dressing room, Atlantic City, N.J.",,American,1970-01-01 00:00:00.000001961,1970-01-01 00:00:00.000001961,Gelatin silver print,"Purchase, Jade Lau Gift, 2015",
655098,Drawings and Prints,Photograph,"Virginia Hurned, from the Actresses series (N245) issued by Kinney Brothers to promote Sweet Caporal Cigarettes",,American,1970-01-01 00:00:00.000001890,1970-01-01 00:00:00.000001890,Albumen photograph,"The Jefferson R. Burdick Collection, Gift of Jefferson R. Burdick",
656878,Modern and Contemporary Art,,"New York City 2[unfinished, formerly New York City III]",,,1970-01-01 00:00:00.000001941,1970-01-01 00:00:00.000001941,Oil and tape on canvas,"San Francisco Museum of Modern Art, Purchase through a gift of Phyllis Wattis",United States
656909,Drawings and Prints,Print,The woodcutter,,Mexican,1970-01-01 00:00:00.000001921,1970-01-01 00:00:00.000001931,Woodcut,"Gift of Carl Zigrosser, 1930",
660182,Drawings and Prints,Books Prints Ornament & Architecture,"Ornamento delle belle & virtuose donne, page 8 (verso)",,Italian|British,1970-01-01 00:00:00.000001554,1970-01-01 00:00:00.000001554,Woodcut,"Rogers Fund, 1921",
666262,Drawings and Prints,Print,"Souvenir of New York with Manhattan from West Hoboken, New Jersey",,German|American|American|American,1970-01-01 00:00:00.000001851,1970-01-01 00:00:00.000001851,Hand-colored lithograph with tint stone,"The Edward W. C. Arnold Collection of New York Prints, Maps and Pictures, Bequest of Edward W. C. Arnold, 1954",
670640,Photographs,Photograph; Photomicrograph,[Snow Crystal],,American,1970-01-01 00:00:00.000001890,1970-01-01 00:00:00.000001929,Gelatin silver print,"Purchase, Alfred Stieglitz Society Gifts, 2015",
679516,Photographs,Album,[Album],,,1970-01-01 00:00:00.000001860,1970-01-01 00:00:00.000001879,,"Gift of Eva Kasiska, 1947",
683016,Drawings and Prints,Print,"Scene 14, from Jack and the Giant Killer, Scenes for a Toy Theater",,,1970-01-01 00:00:00.000001870,1970-01-01 00:00:00.000001890,Lithograph,"The Elisha Whittelsey Collection, The Elisha Whittelsey Fund, 1952",
684096,Drawings and Prints,Print,"The Boston Tea Party, bakery card from the Frontiers of Freedom series (D39-4), issued by the Gordon Bread Company",,,1970-01-01 00:00:00.000001940,1970-01-01 00:00:00.000001949,Commercial color lithograph,"The Jefferson R. Burdick Collection, Gift of Jefferson R. Burdick",
684443,Drawings and Prints,Print,"Honduras, bakery card from the Flags series (D34), issued by the Ward-Mackey Company",,,1970-01-01 00:00:00.000001900,1970-01-01 00:00:00.000001935,Commercial color lithograph,"The Jefferson R. Burdick Collection, Gift of Jefferson R. Burdick",
693616,Greek and Roman Art,Kylix fragment,Terracotta rim fragment of a kylix (drinking cup),"Greek, Attic",,1969-12-31 23:59:59.999999500,1969-12-31 23:59:59.999999550,Terracotta,"Gift of Dietrich von Bothmer, Distinguished Research Curator, Greek and Roman Art, 2011",
695260,Medieval Art,Fragment,Fragment,European or Middle Eastern,,1970-01-01 00:00:00.000001125,1970-01-01 00:00:00.000001275,"Glass, ceramic","Gift of Clarence H. Mackay, Archer M. Huntington, Stephen H. P. Pell and Bashford Dean, 1928",
701306,Drawings and Prints,Print,"Frederick II The Great, King of Prussia (1712–1786)",,,1970-01-01 00:00:00.000001782,1970-01-01 00:00:00.000001782,Etching and stipple,"Harris Brisbane Dick Fund, 1917",
702996,Photographs,Photograph,Desert near Alexandria,,,1970-01-01 00:00:00.000001842,1970-01-01 00:00:00.000001842,Daguerreotype,"Purchase, Philippe de Montebello Fund, Mr. and Mrs. John A. Moran Gift, in memory of Louise Chisholm Moran, Joyce F. Menschel and Annette de la Renta Gifts, and funds from various donors, 2016 (2016.97)",
703467,Greek and Roman Art,Kylix fragment,Terracotta fragment of a kylix (drinking cup),"Greek, Attic",,1969-12-31 23:59:59.999999470,1969-12-31 23:59:59.999999550,Terracotta,"Gift of Dietrich von Bothmer, Distinguished Research Curator, Greek and Roman Art, 2011",
705128,Drawings and Prints,"Baseball card, print","Jo-Jo White, from the Goudey Wide Pen Premiums series (R314) issued by the Goudey Gum Company",,,1970-01-01 00:00:00.000001936,1970-01-01 00:00:00.000001936,Photolithograph,"The Jefferson R. Burdick Collection, Gift of Jefferson R. Burdick",
705189,Drawings and Prints,"Baseball card, print","""Cy"" Blanton, from the National Chicle Fine Pen Premiums series (R313) issued by the National Chicle Gum Company",,,1970-01-01 00:00:00.000001936,1970-01-01 00:00:00.000001936,Photolithograph,"The Jefferson R. Burdick Collection, Gift of Jefferson R. Burdick",
708376,Drawings and Prints,"Baseball card, print","Album 324, Page 86",,,1970-01-01 00:00:00.000001936,1970-01-01 00:00:00.000001936,Commercial Lithographs,"The Jefferson R. Burdick Collection, Gift of Jefferson R. Burdick",
709728,Greek and Roman Art,Kylix fragment,Terracotta fragment of a kylix (drinking cup),"Greek, Attic",,1969-12-31 23:59:59.999999470,1969-12-31 23:59:59.999999550,Terracotta,"Gift of Dietrich von Bothmer, Distinguished Research Curator, Greek and Roman Art, 2011",
727173,Drawings and Prints,Print,"Silenus being carried by Satyrs, after Mantegna",,,1970-01-01 00:00:00.000001530,1970-01-01 00:00:00.000001550,Engraving,"Harris Brisbane Dick Fund, 1917",
727686,Drawings and Prints,Drawing,Coupé/Brougham #3887,,,1970-01-01 00:00:00.000001884,1970-01-01 00:00:00.000001884,Graphite and red crayon  on wove paper with perforated linen tape adhered to left edge for binding,"Gift of William Brewster, 1923",
728103,Drawings and Prints,Prints Ornament & Architecture,Ancient Temple,,,1970-01-01 00:00:00.000001545,1970-01-01 00:00:00.000001545,Etching,"Harris Brisbane Dick Fund, 1947",
728820,Greek and Roman Art,Column-krater fragment,Terracotta fragment of a column-krater (bowl for mixing wine and water),"Greek, Attic",,1969-12-31 23:59:59.999999470,1969-12-31 23:59:59.999999600,Terracotta,"Gift of Dietrich von Bothmer, Distinguished Research Curator, Greek and Roman Art, 2011",
729600,Drawings and Prints,Print,An indulgence with an image of Our Lord of Chalma,,,1970-01-01 00:00:00.000001895,1970-01-01 00:00:00.000001905,Photo-relief and letterpress on buff paper,"The Elisha Whittelsey Collection, The Elisha Whittelsey Fund, 1946",
729779,Drawings and Prints,Print,"Card 44, John Morrissey, from the Prizefighters series (N269) issued by P. Lorillard Company to promote Mechanics Delight Long Cut Tobacco",,,1970-01-01 00:00:00.000001887,1970-01-01 00:00:00.000001887,Commercial color lithograph,"The Jefferson R. Burdick Collection, Gift of Jefferson R. Burdick",
732391,Photographs,Ephemera,"[Rusted Metal Sign: ""Slow, Children""]",,,1970-01-01 00:00:00.000001960,1970-01-01 00:00:00.000001975,Painted metal,"Walker Evans Archive, 1994",
733407,Greek and Roman Art,Oinochoe fragment,Terracotta fragment of an oinochoe (jug),"Greek, Attic",,1969-12-31 23:59:59.999999470,1969-12-31 23:59:59.999999700,Terracotta,"Gift of Dietrich von Bothmer, Distinguished Research Curator, Greek and Roman Art, 2011",
736330,Drawings and Prints,Print,The Historian Animating The Mind of A Young Painter,,,1970-01-01 00:00:00.000001784,1970-01-01 00:00:00.000001784,Hand-colored etching,"The Elisha Whittelsey Collection, The Elisha Whittelsey Fund, 1959",
738416,Drawings and Prints,Book Print Ornament & Architecture,"Robes Modèles Historiques, Viennoise",,,1970-01-01 00:00:00.000001800,1970-01-01 00:00:00.000001900,Design: Lithography,"Harris Brisbane Dick Fund, 1932",
740176,Greek and Roman Art,Skyphos fragment,Terracotta fragment of a skyphos (deep drinking cup),"Greek, Attic",,1969-12-31 23:59:59.999999470,1969-12-31 23:59:59.999999700,Terracotta,"Gift of Dietrich von Bothmer, Distinguished Research Curator, Greek and Roman Art, 2011",
751829,Drawings and Prints,"Print, baseball","Silas K. Johnson, Cincinnati Reds, from the Baseball Players Match Cover design series (U1) issued by Diamond Match Company",,,1970-01-01 00:00:00.000001934,1970-01-01 00:00:00.000001934,Printed matchbook,"The Jefferson R. Burdick Collection, Gift of Jefferson R. Burdick",
754604,Drawings and Prints,Print,"Thrifty villagers, satisfied watching the presentation from the outside, from 'A celebration in the neighboring village,' published in Le Petit Journal pour Rire, June 24, 1865",,,1970-01-01 00:00:00.000001865,1970-01-01 00:00:00.000001865,Lithograph on newsprint; third state of three (Delteil),"Harris Brisbane Dick Fund, 1936",
771069,European Sculpture and Decorative Arts,Vase,Vase with flowering branch motif (one of a pair),"British, Stoke-on-Trent, Staffordshire",,1970-01-01 00:00:00.000001872,1970-01-01 00:00:00.000001872,Bone china,"Gift of Helene Fortunoff and Robert Grossman, 2017",
777496,Ancient Near Eastern Art,Dish,Metal Dish,,,1970-01-01 00:00:00.000000000,1970-01-01 00:00:00.000000000,Iron,"Rogers Fund, 1936",Iran
778279,Drawings and Prints,"Baseball card, print","Card Number 164, Bob Owchinko, San Diego Padres",,,1970-01-01 00:00:00.000001978,1970-01-01 00:00:00.000001978,Commercial Color Lithograph,"Gift of George R. Goldner, in honor of Stewart Goldner, 2016",
779306,Drawings and Prints,Trade card,"Packard-Tourist, from the ""Antique Autos"" series (R701-1), issued by Bowman Gum Company",,,1970-01-01 00:00:00.000001953,1970-01-01 00:00:00.000001953,Commercial color lithograph,"The Jefferson R. Burdick Collection, Gift of Jefferson R. Burdick",
785013,Drawings and Prints,Print; ephemera,"Norwegian Air Force In Canada Patrol Bomber (Northrup N3PB), from the ""Modern Airplanes"" series (T87), issued with Wings Cigarettes by Brown and Williamson Tobacco Company",,,1970-01-01 00:00:00.000001942,1970-01-01 00:00:00.000001942,Commercial color lithograph,"The Jefferson R. Burdick Collection, Gift of Jefferson R. Burdick",
813925,Drawings and Prints,Print,Stonehenge,,,1970-01-01 00:00:00.000001979,1970-01-01 00:00:00.000001979,Sugar-lift aquatint with roulette,"Gift of Jerry S. Flum, 1980",
820618,Drawings and Prints,Print,"Psyche, holding the flask of beauty being transported by three putti",,,1970-01-01 00:00:00.000001525,1970-01-01 00:00:00.000001535,Engraving,"Bequest of Grace Pugh, 1985",
824428,Drawings and Prints,Print,Landscape and Cattle,,,1970-01-01 00:00:00.000001875,1970-01-01 00:00:00.000001885,Etching,"Gift of Henry Levien, 1967",
